{
    "load_forecasting": {
        "Gradient Boosting": {
            "RMSE": 5.986688867331051,
            "MAE": 4.497773450249585,
            "R2": 0.9518817747339904
        },
        "Random Forest": {
            "RMSE": 5.885874669089777,
            "MAE": 4.381729964210488,
            "R2": 0.9534887249698946
        },
        "LSTM": {
            "RMSE": 11.333651051482283,
            "MAE": 9.032601298867421,
            "R2": 0.8275664640232481
        }
    },
    "solar_forecasting": {
        "RMSE": 1.9462947279527356,
        "MAE": 1.5226376049968977,
        "R2": 0.9967845836316427
    }
}